title,media,date,datetime,desc,link,img
TCS Ranks #45 Among Top-100 Global Brands,BizzBuzz,0 hours ago,2025-05-18 05:23:25.174876,"Hyderabad: Tata Consultancy Services (TCS), a global IT major, has been ranked among the 100 most valuable brands worldwide in the Kantar BrandZ Most...",https://www.bizzbuzz.news/corporate/tcs-ranks-45-among-top-100-global-brands-1362156&ved=2ahUKEwjgyJvW2auNAxUf4zgGHQ7HAL8QxfQBegQICBAC&usg=AOvVaw33OGy8bDcW0nbBToRFshUw,"data:image/gif;base64,R0lGODlhAQABAIAAAP///////yH5BAEKAAEALAAAAAABAAEAAAICTAEAOw=="
Tata Consultancy Services Ranked Among World’s Top 50 Most Valuable Brands by Kantar BrandZ,Machine Maker,2 hours ago,2025-05-18 03:23:25.171846,"Tata Consultancy Services (TCS) (BSE: 532540, NSE: TCS), a global provider of IT services, consulting, and business solutions, has been ranked 45th in the...",https://themachinemaker.com/news/tata-consultancy-services-ranked-among-worlds-top-50-most-valuable-brands-by-kantar-brandz/&ved=2ahUKEwjgyJvW2auNAxUf4zgGHQ7HAL8QxfQBegQICRAC&usg=AOvVaw219TyAbdxoFsOtYrwvr_5H,"data:image/gif;base64,R0lGODlhAQABAIAAAP///////yH5BAEKAAEALAAAAAABAAEAAAICTAEAOw=="
TCS Senior Employees Variable Pay Cut: Bold Cost Move Tied to Q4 Performance Pressure | May 2025,Hindustan Herald,5 hours ago,2025-05-18 00:23:25.173358,"India's largest IT services company, Tata Consultancy Services (TCS), has cut the variable pay of its senior employees for the fourth quarter of FY25,...",https://hindustanherald.com/tcs-senior-employees-variable-pay-cut-q4-2025/&ved=2ahUKEwjgyJvW2auNAxUf4zgGHQ7HAL8QxfQBegQIChAC&usg=AOvVaw38Cyj4OnM3FzOZFKMtmX5H,"data:image/gif;base64,R0lGODlhAQABAIAAAP///////yH5BAEKAAEALAAAAAABAAEAAAICTAEAOw=="
TCS ranks 45th among top-100 global brands,The Hans India,9 hours ago,2025-05-17 20:23:25.173358,"Hyderabad: Tata Consultancy Services (TCS), a global IT major, has been ranked among the 100 most valuable brands worldwide in the Kantar BrandZ Most...",https://www.thehansindia.com/business/tcs-ranks-45th-among-top-100-global-brands-971827&ved=2ahUKEwjgyJvW2auNAxUf4zgGHQ7HAL8QxfQBegQIAxAC&usg=AOvVaw1K1Qzrwnbb6dEADzHFpuEW,"data:image/gif;base64,R0lGODlhAQABAIAAAP///////yH5BAEKAAEALAAAAAABAAEAAAICTAEAOw=="
Tata Consultancy Services emerges payout master in India’s IT industry,Communications Today,1 day ago,2025-05-17 05:23:26.025335,"Tata Consultancy Services (TCS) has emerged as the most generous dividend payer in India's information technology (IT) services sector, with the highest...",https://www.communicationstoday.co.in/tata-consultancy-services-emerges-payout-master-in-indias-it-industry/&ved=2ahUKEwjgyJvW2auNAxUf4zgGHQ7HAL8QxfQBegQIBhAC&usg=AOvVaw29VE4IhJnnjj4vyNmnNKc5,"data:image/gif;base64,R0lGODlhAQABAIAAAP///////yH5BAEKAAEALAAAAAABAAEAAAICTAEAOw=="
AO Electricals Upgrades Finance Technology for Better Efficiency,Tata Consultancy Services,1 day ago,2025-05-17 05:23:26.020720,"TCS helped AO leverage AI solutions and cloud infrastructure to upgrade its finance systems, thus streamlining supply chain processes for maximum...",https://www.tcs.com/what-we-do/industries/retail/case-study/ao-electricals-upgrade-finance-systems&ved=2ahUKEwjgyJvW2auNAxUf4zgGHQ7HAL8QxfQBegQIARAC&usg=AOvVaw0OOMTILQkJCuSIcFDzIVfl,"data:image/gif;base64,R0lGODlhAQABAIAAAP///////yH5BAEKAAEALAAAAAABAAEAAAICTAEAOw=="
"Months after Ratan Tata's death, THIS Tata Group firm achieves major milestone, joins elite list of world's...",MSN,1 day ago,2025-05-17 05:23:26.017694,"The milestone achievement by Tata Consultancy Services (TCS) comes months after Ratan Tata, the former Chairman and, later Chairman Emeritus, of the Tata...",https://www.msn.com/en-in/money/topstories/months-after-ratan-tata-s-death-this-tata-group-firm-achieves-major-milestone-joins-elite-list-of-world-s/ar-AA1EU6dk%3Focid%3Dfinance-verthp-feeds&ved=2ahUKEwjgyJvW2auNAxUf4zgGHQ7HAL8QxfQBegQIBxAC&usg=AOvVaw1nP9JsvC5zkqS_GI3HIXJU,"data:image/gif;base64,R0lGODlhAQABAIAAAP///////yH5BAEKAAEALAAAAAABAAEAAAICTAEAOw=="
"TCS, HDFC, Airtel and Infosys ranked among the world’s top 100 most valuable brands in the Kantar BrandZ 2025 Report",AffairsCloud.com,1 day ago,2025-05-17 05:23:26.013162,"According to the Kantar BrandZ, “2025 World's Most Valuable Global Brands ” report, 4 Indian companies namely, Tata Consultancy Services (TCS), HDFC Bank,...",https://affairscloud.com/tcs-hdfc-airtel-and-infosys-ranked-among-the-worlds-top-100-most-valuable-brands-in-the-kantar-brandz-2025-report/&ved=2ahUKEwjgyJvW2auNAxUf4zgGHQ7HAL8QxfQBegQIBBAC&usg=AOvVaw2LdkCcZ1XhaWXqyCffO0hv,"data:image/gif;base64,R0lGODlhAQABAIAAAP///////yH5BAEKAAEALAAAAAABAAEAAAICTAEAOw=="
How Tata Consultancy Services uses marathons to win over B2B decision-makers,The Drum,1 day ago,2025-05-17 05:23:26.007478,"We catch up with Abhinav Kumar, global CMO of TCS, in New York and hear all about the brand's all-in embrace of mass-participation sports​.",https://www.thedrum.com/news/2025/05/16/how-tata-consultancy-services-uses-marathons-win-over-b2b-decision-makers&ved=2ahUKEwjgyJvW2auNAxUf4zgGHQ7HAL8QxfQBegQIBRAC&usg=AOvVaw2YpxhI7_d-kdrPAq-1FLTn,"data:image/gif;base64,R0lGODlhAQABAIAAAP///////yH5BAEKAAEALAAAAAABAAEAAAICTAEAOw=="
"Green Tech, Innovation Ecosystem Driving Europe’s Competitive Future",Tata Consultancy Services,2 days ago,2025-05-16 05:23:26.029767,Website feedback. Accessibility Adjustments. Reset settings. Hide Widget. Theme. Default Dark. Font size. A. DEFAULT. A. Line height. DEFAULT.,https://www.tcs.com/insights/blogs/green-tech-innovation-ecosystem-driving-europe-future&ved=2ahUKEwjgyJvW2auNAxUf4zgGHQ7HAL8QxfQBegQIAhAC&usg=AOvVaw32GdKSHn9CC2jQk6SlEV5c,"data:image/gif;base64,R0lGODlhAQABAIAAAP///////yH5BAEKAAEALAAAAAABAAEAAAICTAEAOw=="
